Metric,Value
design__lint_error__count,0
design__lint_timing_construct__count,0
design__lint_warning__count,199
design__inferred_latch__count,0
design__instance__count,112071
design__instance__area,1.65083E+6
design__instance_unmapped__count,0
synthesis__check_error__count,0
design__max_slew_violation__count__corner:nom_tt_025C_1v80,1
design__max_fanout_violation__count__corner:nom_tt_025C_1v80,0
design__max_cap_violation__count__corner:nom_tt_025C_1v80,102
power__internal__total,0.021015742793679237
power__switching__total,0.004709965083748102
power__leakage__total,0.00011467435251688585
power__total,0.025840381160378456
clock__skew__worst_hold__corner:nom_tt_025C_1v80,-0.8300318445279159
clock__skew__worst_setup__corner:nom_tt_025C_1v80,0.7227193492671806
timing__hold__ws__corner:nom_tt_025C_1v80,0.23051183836395753
timing__setup__ws__corner:nom_tt_025C_1v80,3.755778017117197
timing__hold__tns__corner:nom_tt_025C_1v80,0.0
timing__setup__tns__corner:nom_tt_025C_1v80,0.0
timing__hold__wns__corner:nom_tt_025C_1v80,0
timing__setup__wns__corner:nom_tt_025C_1v80,0.0
timing__hold_vio__count__corner:nom_tt_025C_1v80,0
timing__hold_r2r__ws__corner:nom_tt_025C_1v80,0.230512
timing__hold_r2r_vio__count__corner:nom_tt_025C_1v80,0
timing__setup_vio__count__corner:nom_tt_025C_1v80,0
timing__setup_r2r__ws__corner:nom_tt_025C_1v80,3.755778
timing__setup_r2r_vio__count__corner:nom_tt_025C_1v80,0
design__max_slew_violation__count__corner:nom_ss_100C_1v60,473
design__max_fanout_violation__count__corner:nom_ss_100C_1v60,0
design__max_cap_violation__count__corner:nom_ss_100C_1v60,122
clock__skew__worst_hold__corner:nom_ss_100C_1v60,-1.2502379485564825
clock__skew__worst_setup__corner:nom_ss_100C_1v60,1.1027552516603663
timing__hold__ws__corner:nom_ss_100C_1v60,-0.426180436337645
timing__setup__ws__corner:nom_ss_100C_1v60,-3.3018797519628467
timing__hold__tns__corner:nom_ss_100C_1v60,-2.6250724559321936
timing__setup__tns__corner:nom_ss_100C_1v60,-181.25739644477713
timing__hold__wns__corner:nom_ss_100C_1v60,-0.426180436337645
timing__setup__wns__corner:nom_ss_100C_1v60,-3.3018797519628467
timing__hold_vio__count__corner:nom_ss_100C_1v60,17
timing__hold_r2r__ws__corner:nom_ss_100C_1v60,0.747285
timing__hold_r2r_vio__count__corner:nom_ss_100C_1v60,0
timing__setup_vio__count__corner:nom_ss_100C_1v60,110
timing__setup_r2r__ws__corner:nom_ss_100C_1v60,-3.301880
timing__setup_r2r_vio__count__corner:nom_ss_100C_1v60,110
design__max_slew_violation__count__corner:nom_ff_n40C_1v95,0
design__max_fanout_violation__count__corner:nom_ff_n40C_1v95,0
design__max_cap_violation__count__corner:nom_ff_n40C_1v95,102
clock__skew__worst_hold__corner:nom_ff_n40C_1v95,-0.6372219599011857
clock__skew__worst_setup__corner:nom_ff_n40C_1v95,0.5684572973240627
timing__hold__ws__corner:nom_ff_n40C_1v95,0.04884248699290423
timing__setup__ws__corner:nom_ff_n40C_1v95,6.739336390813615
timing__hold__tns__corner:nom_ff_n40C_1v95,0.0
timing__setup__tns__corner:nom_ff_n40C_1v95,0.0
timing__hold__wns__corner:nom_ff_n40C_1v95,0
timing__setup__wns__corner:nom_ff_n40C_1v95,0.0
timing__hold_vio__count__corner:nom_ff_n40C_1v95,0
timing__hold_r2r__ws__corner:nom_ff_n40C_1v95,0.048842
timing__hold_r2r_vio__count__corner:nom_ff_n40C_1v95,0
timing__setup_vio__count__corner:nom_ff_n40C_1v95,0
timing__setup_r2r__ws__corner:nom_ff_n40C_1v95,6.739336
timing__setup_r2r_vio__count__corner:nom_ff_n40C_1v95,0
design__max_slew_violation__count,1038
design__max_fanout_violation__count,0
design__max_cap_violation__count,138
clock__skew__worst_hold,-0.6043368199148259
clock__skew__worst_setup,0.5453248007510437
timing__hold__ws,-0.5373346364391416
timing__setup__ws,-3.6291006782463673
timing__hold__tns,-4.467128127179159
timing__setup__tns,-220.25431346637285
timing__hold__wns,-0.5373346364391416
timing__setup__wns,-3.6291006782463673
timing__hold_vio__count,39
timing__hold_r2r__ws,0.045149
timing__hold_r2r_vio__count,0
timing__setup_vio__count,328
timing__setup_r2r__ws,-3.629101
timing__setup_r2r_vio__count,328
design__die__bbox,0.0 0.0 2400.0 2400.0
design__core__bbox,5.52 10.88 2394.3 2388.16
design__io,113
design__die__area,5.76E+6
design__core__area,5.6788E+6
design__instance__count__stdcell,112065
design__instance__area__stdcell,506552
design__instance__count__macros,6
design__instance__area__macros,1.14428E+6
design__instance__utilization,0.2907
design__instance__utilization__stdcell,0.11171
design__instance__count__class:macro,6
design__instance__count__class:antenna_cell,1364
design__instance__count__class:buffer,120
design__instance__count__class:inverter,886
design__instance__count__class:sequential_cell,4333
design__instance__count__class:multi_input_combinational_cell,35297
flow__warnings__count,1
flow__errors__count,0
design__instance__count__class:fill_cell,422681
design__instance__count__class:tap_cell,63298
design__power_grid_violation__count__net:vssd1,0
design__power_grid_violation__count__net:vccd1,0
design__power_grid_violation__count,0
floorplan__design__io,111
design__io__hpwl,96854537
timing__drv__floating__nets,0
timing__drv__floating__pins,0
design__instance__displacement__total,113.18
design__instance__displacement__mean,0
design__instance__displacement__max,6.4
route__wirelength__estimated,2.06571E+6
design__violations,0
design__instance__count__class:timing_repair_buffer,5627
design__instance__count__class:clock_buffer,694
design__instance__count__class:clock_inverter,446
design__instance__count__setup_buffer,0
design__instance__count__hold_buffer,1
antenna__violating__nets,114
antenna__violating__pins,123
route__antenna_violation__count,114
antenna_diodes_count,1225
route__net,47351
route__net__special,2
route__drc_errors__iter:1,23596
route__wirelength__iter:1,2267412
route__drc_errors__iter:2,13576
route__wirelength__iter:2,2260138
route__drc_errors__iter:3,12321
route__wirelength__iter:3,2259108
route__drc_errors__iter:4,1773
route__wirelength__iter:4,2258628
route__drc_errors__iter:5,136
route__wirelength__iter:5,2258422
route__drc_errors__iter:6,10
route__wirelength__iter:6,2258429
route__drc_errors__iter:7,0
route__wirelength__iter:7,2258416
route__drc_errors,0
route__wirelength,2258416
route__vias,338553
route__vias__singlecut,338553
route__vias__multicut,0
design__disconnected_pin__count,0
design__critical_disconnected_pin__count,0
route__wirelength__max,2264.11
timing__unannotated_net__count__corner:nom_tt_025C_1v80,669
timing__unannotated_net_filtered__count__corner:nom_tt_025C_1v80,0
timing__unannotated_net__count__corner:nom_ss_100C_1v60,669
timing__unannotated_net_filtered__count__corner:nom_ss_100C_1v60,0
timing__unannotated_net__count__corner:nom_ff_n40C_1v95,669
timing__unannotated_net_filtered__count__corner:nom_ff_n40C_1v95,0
design__max_slew_violation__count__corner:min_tt_025C_1v80,0
design__max_fanout_violation__count__corner:min_tt_025C_1v80,0
design__max_cap_violation__count__corner:min_tt_025C_1v80,81
clock__skew__worst_hold__corner:min_tt_025C_1v80,-0.7770544427851545
clock__skew__worst_setup__corner:min_tt_025C_1v80,0.6854910166856534
timing__hold__ws__corner:min_tt_025C_1v80,0.24612690360232964
timing__setup__ws__corner:min_tt_025C_1v80,4.013813395263056
timing__hold__tns__corner:min_tt_025C_1v80,0.0
timing__setup__tns__corner:min_tt_025C_1v80,0.0
timing__hold__wns__corner:min_tt_025C_1v80,0
timing__setup__wns__corner:min_tt_025C_1v80,0.0
timing__hold_vio__count__corner:min_tt_025C_1v80,0
timing__hold_r2r__ws__corner:min_tt_025C_1v80,0.246127
timing__hold_r2r_vio__count__corner:min_tt_025C_1v80,0
timing__setup_vio__count__corner:min_tt_025C_1v80,0
timing__setup_r2r__ws__corner:min_tt_025C_1v80,4.013813
timing__setup_r2r_vio__count__corner:min_tt_025C_1v80,0
timing__unannotated_net__count__corner:min_tt_025C_1v80,669
timing__unannotated_net_filtered__count__corner:min_tt_025C_1v80,0
design__max_slew_violation__count__corner:min_ss_100C_1v60,278
design__max_fanout_violation__count__corner:min_ss_100C_1v60,0
design__max_cap_violation__count__corner:min_ss_100C_1v60,92
clock__skew__worst_hold__corner:min_ss_100C_1v60,-1.1601944178206787
clock__skew__worst_setup__corner:min_ss_100C_1v60,1.0580847608673907
timing__hold__ws__corner:min_ss_100C_1v60,-0.2688125353952988
timing__setup__ws__corner:min_ss_100C_1v60,-2.918369628560444
timing__hold__tns__corner:min_ss_100C_1v60,-0.9019829582981347
timing__setup__tns__corner:min_ss_100C_1v60,-138.1035485060339
timing__hold__wns__corner:min_ss_100C_1v60,-0.2688125353952988
timing__setup__wns__corner:min_ss_100C_1v60,-2.918369628560444
timing__hold_vio__count__corner:min_ss_100C_1v60,4
timing__hold_r2r__ws__corner:min_ss_100C_1v60,0.772188
timing__hold_r2r_vio__count__corner:min_ss_100C_1v60,0
timing__setup_vio__count__corner:min_ss_100C_1v60,104
timing__setup_r2r__ws__corner:min_ss_100C_1v60,-2.918370
timing__setup_r2r_vio__count__corner:min_ss_100C_1v60,104
timing__unannotated_net__count__corner:min_ss_100C_1v60,669
timing__unannotated_net_filtered__count__corner:min_ss_100C_1v60,0
design__max_slew_violation__count__corner:min_ff_n40C_1v95,0
design__max_fanout_violation__count__corner:min_ff_n40C_1v95,0
design__max_cap_violation__count__corner:min_ff_n40C_1v95,80
clock__skew__worst_hold__corner:min_ff_n40C_1v95,-0.6043368199148259
clock__skew__worst_setup__corner:min_ff_n40C_1v95,0.5453248007510437
timing__hold__ws__corner:min_ff_n40C_1v95,0.05865996743271688
timing__setup__ws__corner:min_ff_n40C_1v95,6.897984600984168
timing__hold__tns__corner:min_ff_n40C_1v95,0.0
timing__setup__tns__corner:min_ff_n40C_1v95,0.0
timing__hold__wns__corner:min_ff_n40C_1v95,0
timing__setup__wns__corner:min_ff_n40C_1v95,0.0
timing__hold_vio__count__corner:min_ff_n40C_1v95,0
timing__hold_r2r__ws__corner:min_ff_n40C_1v95,0.058660
timing__hold_r2r_vio__count__corner:min_ff_n40C_1v95,0
timing__setup_vio__count__corner:min_ff_n40C_1v95,0
timing__setup_r2r__ws__corner:min_ff_n40C_1v95,6.897985
timing__setup_r2r_vio__count__corner:min_ff_n40C_1v95,0
timing__unannotated_net__count__corner:min_ff_n40C_1v95,669
timing__unannotated_net_filtered__count__corner:min_ff_n40C_1v95,0
design__max_slew_violation__count__corner:max_tt_025C_1v80,2
design__max_fanout_violation__count__corner:max_tt_025C_1v80,0
design__max_cap_violation__count__corner:max_tt_025C_1v80,106
clock__skew__worst_hold__corner:max_tt_025C_1v80,-0.874209618328628
clock__skew__worst_setup__corner:max_tt_025C_1v80,0.7492305876665987
timing__hold__ws__corner:max_tt_025C_1v80,0.22358981965425656
timing__setup__ws__corner:max_tt_025C_1v80,3.5122270530494553
timing__hold__tns__corner:max_tt_025C_1v80,0.0
timing__setup__tns__corner:max_tt_025C_1v80,0.0
timing__hold__wns__corner:max_tt_025C_1v80,0
timing__setup__wns__corner:max_tt_025C_1v80,0.0
timing__hold_vio__count__corner:max_tt_025C_1v80,0
timing__hold_r2r__ws__corner:max_tt_025C_1v80,0.223590
timing__hold_r2r_vio__count__corner:max_tt_025C_1v80,0
timing__setup_vio__count__corner:max_tt_025C_1v80,0
timing__setup_r2r__ws__corner:max_tt_025C_1v80,3.512227
timing__setup_r2r_vio__count__corner:max_tt_025C_1v80,0
timing__unannotated_net__count__corner:max_tt_025C_1v80,669
timing__unannotated_net_filtered__count__corner:max_tt_025C_1v80,0
design__max_slew_violation__count__corner:max_ss_100C_1v60,1038
design__max_fanout_violation__count__corner:max_ss_100C_1v60,0
design__max_cap_violation__count__corner:max_ss_100C_1v60,138
clock__skew__worst_hold__corner:max_ss_100C_1v60,-1.3237655790662557
clock__skew__worst_setup__corner:max_ss_100C_1v60,1.1346455207662227
timing__hold__ws__corner:max_ss_100C_1v60,-0.5373346364391416
timing__setup__ws__corner:max_ss_100C_1v60,-3.6291006782463673
timing__hold__tns__corner:max_ss_100C_1v60,-4.467128127179159
timing__setup__tns__corner:max_ss_100C_1v60,-220.25431346637285
timing__hold__wns__corner:max_ss_100C_1v60,-0.5373346364391416
timing__setup__wns__corner:max_ss_100C_1v60,-3.6291006782463673
timing__hold_vio__count__corner:max_ss_100C_1v60,18
timing__hold_r2r__ws__corner:max_ss_100C_1v60,0.720444
timing__hold_r2r_vio__count__corner:max_ss_100C_1v60,0
timing__setup_vio__count__corner:max_ss_100C_1v60,114
timing__setup_r2r__ws__corner:max_ss_100C_1v60,-3.629101
timing__setup_r2r_vio__count__corner:max_ss_100C_1v60,114
timing__unannotated_net__count__corner:max_ss_100C_1v60,669
timing__unannotated_net_filtered__count__corner:max_ss_100C_1v60,0
design__max_slew_violation__count__corner:max_ff_n40C_1v95,0
design__max_fanout_violation__count__corner:max_ff_n40C_1v95,0
design__max_cap_violation__count__corner:max_ff_n40C_1v95,105
clock__skew__worst_hold__corner:max_ff_n40C_1v95,-0.662904860878504
clock__skew__worst_setup__corner:max_ff_n40C_1v95,0.5866999274691278
timing__hold__ws__corner:max_ff_n40C_1v95,0.04514855284089982
timing__setup__ws__corner:max_ff_n40C_1v95,6.585606912870472
timing__hold__tns__corner:max_ff_n40C_1v95,0.0
timing__setup__tns__corner:max_ff_n40C_1v95,0.0
timing__hold__wns__corner:max_ff_n40C_1v95,0
timing__setup__wns__corner:max_ff_n40C_1v95,0.0
timing__hold_vio__count__corner:max_ff_n40C_1v95,0
timing__hold_r2r__ws__corner:max_ff_n40C_1v95,0.045149
timing__hold_r2r_vio__count__corner:max_ff_n40C_1v95,0
timing__setup_vio__count__corner:max_ff_n40C_1v95,0
timing__setup_r2r__ws__corner:max_ff_n40C_1v95,6.585607
timing__setup_r2r_vio__count__corner:max_ff_n40C_1v95,0
timing__unannotated_net__count__corner:max_ff_n40C_1v95,669
timing__unannotated_net_filtered__count__corner:max_ff_n40C_1v95,0
timing__unannotated_net__count,669
timing__unannotated_net_filtered__count,0
design_powergrid__voltage__worst__net:vccd1__corner:nom_tt_025C_1v80,1.79944
design_powergrid__drop__average__net:vccd1__corner:nom_tt_025C_1v80,1.79999
design_powergrid__drop__worst__net:vccd1__corner:nom_tt_025C_1v80,0.00055839
design_powergrid__voltage__worst__net:vssd1__corner:nom_tt_025C_1v80,0.000554352
design_powergrid__drop__average__net:vssd1__corner:nom_tt_025C_1v80,0.00000874187
design_powergrid__drop__worst__net:vssd1__corner:nom_tt_025C_1v80,0.000554352
design_powergrid__voltage__worst,0.000554352
design_powergrid__voltage__worst__net:vccd1,1.79944
design_powergrid__drop__worst,0.00055839
design_powergrid__drop__worst__net:vccd1,0.00055839
design_powergrid__voltage__worst__net:vssd1,0.000554352
design_powergrid__drop__worst__net:vssd1,0.000554352
ir__voltage__worst,1.8000000000000000444089209850062616169452667236328125
ir__drop__avg,0.000008470000000000000220227482083945602653329842723906040191650390625
ir__drop__worst,0.000558000000000000010748346657152296756976284086704254150390625
klayout__drc_error__count,0
magic__illegal_overlap__count,0
design__lvs_device_difference__count,0
design__lvs_net_difference__count,0
design__lvs_property_fail__count,0
design__lvs_error__count,0
design__lvs_unmatched_device__count,0
design__lvs_unmatched_net__count,0
design__lvs_unmatched_pin__count,0
